               epoch,      train/box_loss,      train/obj_loss,      train/cls_loss,   metrics/precision,      metrics/recall,     metrics/mAP_0.5,metrics/mAP_0.5:0.95,        val/box_loss,        val/obj_loss,        val/cls_loss,               x/lr0,               x/lr1,               x/lr2
                   0,            0.059973,             0.02033,           0.0091276,             0.57997,             0.67933,             0.64142,             0.39241,            0.038154,           0.0064488,           0.0017435,             0.07007,           0.0033256,           0.0033256
                   1,            0.041336,            0.016113,           0.0027205,             0.79574,              0.7349,             0.82053,             0.53932,            0.032425,           0.0061363,           0.0013543,            0.040037,            0.006626,            0.006626
                   2,            0.039768,            0.015726,           0.0022849,             0.59908,             0.68283,              0.6271,              0.3497,            0.035106,           0.0068851,           0.0014098,           0.0099707,           0.0098933,           0.0098933
                   3,             0.03981,            0.016557,           0.0024486,             0.60781,             0.59205,             0.61673,             0.35912,            0.034865,           0.0074994,          0.00097971,           0.0098515,           0.0098515,           0.0098515
                   4,            0.038555,            0.016604,           0.0021402,             0.60131,             0.67225,             0.68052,             0.36092,             0.03404,           0.0069044,          0.00080405,           0.0098515,           0.0098515,           0.0098515
                   5,            0.036544,             0.01608,           0.0016866,             0.73236,             0.81324,             0.79512,             0.47164,            0.030048,           0.0065639,          0.00032348,            0.009802,            0.009802,            0.009802
                   6,            0.034296,            0.015609,           0.0014789,             0.71793,              0.7746,             0.78785,             0.46675,            0.029909,           0.0062753,          0.00050548,           0.0097525,           0.0097525,           0.0097525
                   7,            0.033171,            0.015161,           0.0014749,             0.63006,             0.78147,             0.72778,              0.4862,            0.027988,           0.0063226,           0.0005472,            0.009703,            0.009703,            0.009703
                   8,            0.032768,             0.01495,            0.001336,             0.68557,             0.82179,             0.77192,             0.46919,            0.027759,           0.0062651,           0.0003411,           0.0096535,           0.0096535,           0.0096535
                   9,            0.032055,            0.014756,           0.0011371,             0.77814,             0.74989,              0.8072,             0.53562,             0.02679,           0.0060764,          0.00039794,            0.009604,            0.009604,            0.009604
                  10,            0.031018,            0.014436,          0.00098186,             0.76271,             0.80668,             0.80755,             0.53266,            0.026818,           0.0062969,          0.00056798,           0.0095545,           0.0095545,           0.0095545
                  11,            0.030955,            0.014132,            0.001065,             0.79002,             0.86456,             0.85662,             0.55878,            0.027238,           0.0057455,          0.00025801,            0.009505,            0.009505,            0.009505
                  12,            0.030306,            0.013989,          0.00098105,             0.81772,             0.84208,             0.87507,             0.60726,            0.026262,           0.0056844,          0.00021813,           0.0094555,           0.0094555,           0.0094555
                  13,             0.02931,            0.014212,           0.0010735,             0.81536,             0.81512,               0.852,             0.58055,             0.02539,           0.0056264,          0.00027974,            0.009406,            0.009406,            0.009406
                  14,            0.029642,            0.013986,          0.00090621,             0.76526,             0.80656,              0.8463,             0.57772,            0.025309,           0.0056076,          0.00046587,           0.0093565,           0.0093565,           0.0093565
                  15,            0.029533,             0.01381,          0.00090545,             0.82084,             0.83275,             0.89138,             0.62568,             0.02523,           0.0054968,          0.00021675,            0.009307,            0.009307,            0.009307
                  16,            0.028355,            0.013624,          0.00077393,             0.90419,              0.8353,             0.90808,             0.65687,            0.025599,           0.0054005,          0.00015694,           0.0092575,           0.0092575,           0.0092575
                  17,            0.028717,            0.013525,          0.00070025,             0.84274,             0.82339,             0.87805,             0.62975,            0.025264,           0.0055487,          0.00034055,            0.009208,            0.009208,            0.009208
                  18,             0.02803,            0.013367,          0.00073684,             0.85326,             0.72996,             0.85524,             0.60079,            0.026039,           0.0056494,          0.00057732,           0.0091585,           0.0091585,           0.0091585
                  19,            0.027977,            0.013446,          0.00094356,             0.86177,             0.86881,             0.90495,             0.63957,            0.023576,           0.0053523,          0.00016632,            0.009109,            0.009109,            0.009109
                  20,            0.027311,            0.013107,          0.00074608,             0.89956,             0.80275,             0.89366,             0.64638,            0.024179,           0.0055856,          0.00019579,           0.0090595,           0.0090595,           0.0090595
                  21,            0.027546,            0.013012,          0.00089431,             0.86716,             0.80667,             0.89144,             0.64791,            0.023873,           0.0054433,          0.00022881,             0.00901,             0.00901,             0.00901
                  22,            0.027672,            0.012897,          0.00066524,             0.87374,             0.86163,             0.91035,             0.65179,             0.02553,           0.0053944,          0.00016342,           0.0089605,           0.0089605,           0.0089605
                  23,            0.026964,             0.01283,          0.00078032,             0.85275,             0.88314,             0.90735,             0.65037,            0.025501,           0.0055087,          0.00013724,            0.008911,            0.008911,            0.008911
                  24,            0.026611,              0.0127,          0.00074892,             0.85042,             0.86931,             0.90505,             0.65724,            0.025074,           0.0052412,          0.00012461,           0.0088615,           0.0088615,           0.0088615
                  25,            0.026182,            0.012579,          0.00063584,               0.885,             0.88379,             0.92141,             0.67817,            0.025103,           0.0052214,          0.00015287,            0.008812,            0.008812,            0.008812
                  26,            0.025851,            0.012289,          0.00059995,             0.88873,             0.85124,             0.91547,             0.67715,            0.023949,           0.0051865,          0.00010582,           0.0087625,           0.0087625,           0.0087625
                  27,            0.026102,            0.012665,          0.00069902,             0.86969,             0.86122,             0.90102,             0.66102,            0.024276,           0.0053058,          0.00022783,            0.008713,            0.008713,            0.008713
                  28,            0.025922,            0.012457,          0.00057681,             0.90283,              0.8652,             0.91735,             0.68175,            0.024527,            0.005152,          0.00013033,           0.0086635,           0.0086635,           0.0086635
                  29,            0.025477,            0.012445,          0.00063654,             0.86562,             0.88449,             0.91245,             0.67014,            0.023369,           0.0050639,          0.00014132,            0.008614,            0.008614,            0.008614
                  30,            0.025245,            0.012368,          0.00060098,              0.8685,             0.84398,             0.90618,             0.66739,            0.024331,           0.0051853,          0.00015637,           0.0085645,           0.0085645,           0.0085645
                  31,            0.025049,            0.012181,          0.00061081,             0.89903,             0.86462,             0.91178,             0.67587,            0.023245,           0.0051194,          0.00011079,            0.008515,            0.008515,            0.008515
                  32,             0.02498,            0.012075,          0.00069896,             0.90735,             0.86163,             0.92198,             0.69922,            0.023205,           0.0049842,          0.00011053,           0.0084655,           0.0084655,           0.0084655
                  33,            0.024478,            0.011811,          0.00063686,             0.86962,              0.8823,             0.92501,             0.68684,            0.022687,           0.0048413,          0.00020029,            0.008416,            0.008416,            0.008416
                  34,            0.024657,            0.011966,          0.00056287,              0.8866,             0.87958,               0.927,             0.69266,            0.023043,           0.0049286,          0.00012504,           0.0083665,           0.0083665,           0.0083665
                  35,             0.02476,            0.012031,          0.00074544,             0.93635,             0.86329,             0.92497,             0.70281,            0.023352,           0.0051023,          0.00016395,            0.008317,            0.008317,            0.008317
                  36,            0.024269,            0.011741,          0.00058031,             0.89164,             0.87502,              0.9225,             0.69659,            0.022191,           0.0048238,          0.00010556,           0.0082675,           0.0082675,           0.0082675
                  37,             0.02417,            0.011549,          0.00058079,             0.87446,             0.86484,             0.93041,             0.69586,            0.023049,           0.0048613,          0.00012502,            0.008218,            0.008218,            0.008218
                  38,            0.023957,            0.011592,          0.00054101,             0.85337,             0.87831,              0.9242,             0.71327,            0.023047,           0.0049826,          0.00017689,           0.0081685,           0.0081685,           0.0081685
                  39,            0.023981,            0.011735,          0.00046401,             0.88625,             0.87537,             0.92601,             0.70973,            0.022582,            0.004983,          0.00011188,            0.008119,            0.008119,            0.008119
                  40,             0.02385,            0.011592,          0.00054022,             0.88097,             0.89777,             0.92938,             0.69048,            0.022298,           0.0048078,          8.9904e-05,           0.0080695,           0.0080695,           0.0080695
                  41,            0.023553,              0.0116,          0.00045096,             0.89475,             0.86077,             0.91778,             0.69196,            0.022727,           0.0049383,          0.00011925,             0.00802,             0.00802,             0.00802
                  42,            0.023672,            0.011574,          0.00052545,             0.90963,             0.90772,             0.93429,             0.70103,            0.022944,           0.0048264,          9.0328e-05,           0.0079705,           0.0079705,           0.0079705
                  43,            0.023753,            0.011437,          0.00056794,             0.89256,             0.90065,             0.93038,             0.71577,             0.02215,           0.0048132,          0.00010131,            0.007921,            0.007921,            0.007921
                  44,            0.023279,            0.011415,          0.00051774,             0.91222,              0.9033,             0.94207,             0.73534,            0.021565,            0.004701,          7.9698e-05,           0.0078715,           0.0078715,           0.0078715
                  45,            0.022903,            0.011222,          0.00052448,             0.86564,             0.89344,             0.92522,              0.7078,            0.022344,           0.0048482,          0.00014325,            0.007822,            0.007822,            0.007822
                  46,            0.022998,            0.011302,          0.00053719,             0.88009,             0.90141,             0.92945,             0.71319,             0.02246,           0.0049283,          0.00011398,           0.0077725,           0.0077725,           0.0077725
                  47,            0.022735,            0.011355,           0.0005139,             0.87077,             0.90588,             0.92373,             0.72129,            0.022439,           0.0047363,           0.0001487,            0.007723,            0.007723,            0.007723
                  48,            0.022523,            0.010944,          0.00043107,             0.85274,             0.91351,             0.93587,             0.73161,            0.022351,           0.0049233,          0.00016267,           0.0076735,           0.0076735,           0.0076735
                  49,            0.022499,            0.011056,          0.00037792,             0.84676,             0.90969,             0.90155,             0.71067,            0.022289,             0.00491,          0.00016993,            0.007624,            0.007624,            0.007624
                  50,             0.02246,            0.010956,          0.00048122,             0.91821,             0.89344,             0.93828,             0.72775,            0.022225,           0.0049269,          9.4913e-05,           0.0075745,           0.0075745,           0.0075745
                  51,            0.022537,            0.010932,           0.0004671,             0.88913,             0.92094,             0.93326,             0.73376,            0.022432,           0.0048494,          0.00012838,            0.007525,            0.007525,            0.007525
                  52,            0.022111,            0.010942,          0.00042817,             0.91741,             0.89158,             0.93729,             0.74554,            0.022587,           0.0048756,          0.00010393,           0.0074755,           0.0074755,           0.0074755
                  53,            0.021821,            0.010794,          0.00044525,             0.90781,             0.88861,              0.9312,             0.72082,            0.021836,            0.004992,          0.00012264,            0.007426,            0.007426,            0.007426
                  54,            0.021945,            0.010857,           0.0005541,             0.91056,              0.8701,             0.93682,             0.72203,            0.021486,           0.0047987,           9.502e-05,           0.0073765,           0.0073765,           0.0073765
                  55,            0.022093,             0.01075,          0.00047322,             0.91324,             0.88416,             0.93236,             0.73317,             0.02137,           0.0047705,          0.00011589,            0.007327,            0.007327,            0.007327
                  56,            0.021815,            0.010745,          0.00042117,             0.90541,             0.91819,             0.93952,             0.74222,            0.021282,           0.0046422,          7.9003e-05,           0.0072775,           0.0072775,           0.0072775
                  57,            0.021568,            0.010565,          0.00030065,             0.91872,               0.902,              0.9399,              0.7525,            0.021193,           0.0045522,          7.5366e-05,            0.007228,            0.007228,            0.007228
                  58,            0.021451,            0.010477,          0.00038275,             0.91304,             0.91015,             0.94163,             0.74479,            0.021244,           0.0045271,           8.532e-05,           0.0071785,           0.0071785,           0.0071785
                  59,            0.021932,             0.01073,          0.00043255,             0.90896,             0.90272,             0.93796,             0.73844,            0.021652,           0.0045411,           0.0001304,            0.007129,            0.007129,            0.007129
                  60,            0.021724,            0.010435,          0.00041641,               0.927,             0.89096,             0.94165,              0.7388,            0.021805,           0.0045807,          7.7449e-05,           0.0070795,           0.0070795,           0.0070795
                  61,            0.021184,            0.010717,          0.00034409,             0.91809,              0.8882,             0.94083,             0.73929,            0.021436,           0.0046594,          6.7096e-05,             0.00703,             0.00703,             0.00703
                  62,            0.021111,            0.010527,          0.00042109,             0.91286,             0.88801,             0.94393,             0.75113,            0.021423,           0.0046774,          7.6677e-05,           0.0069805,           0.0069805,           0.0069805
                  63,            0.021269,            0.010253,          0.00035971,             0.90014,             0.89394,               0.936,             0.74833,            0.021068,           0.0046033,          0.00011884,            0.006931,            0.006931,            0.006931
                  64,            0.020699,            0.010341,          0.00040811,             0.88726,             0.91214,             0.92831,             0.72356,             0.02143,           0.0046289,          0.00018314,           0.0068815,           0.0068815,           0.0068815
                  65,               0.021,            0.010468,          0.00054382,             0.88113,             0.91932,             0.92841,             0.73177,            0.020813,           0.0044682,          0.00019684,            0.006832,            0.006832,            0.006832
                  66,             0.02093,            0.010329,          0.00040116,             0.90066,             0.91901,             0.94574,             0.75062,            0.021089,           0.0046058,          0.00011211,           0.0067825,           0.0067825,           0.0067825
                  67,            0.020933,            0.010419,          0.00033201,             0.91962,              0.8965,             0.94498,             0.76897,            0.020911,           0.0045853,          0.00010188,            0.006733,            0.006733,            0.006733
                  68,            0.020856,            0.010209,          0.00040404,             0.89322,             0.91696,              0.9416,             0.76822,            0.020722,           0.0045732,          0.00011069,           0.0066835,           0.0066835,           0.0066835
                  69,            0.020922,            0.010152,          0.00041321,             0.88619,             0.91634,             0.94049,             0.76014,             0.02104,           0.0045291,          0.00014111,            0.006634,            0.006634,            0.006634
                  70,            0.020354,            0.010269,          0.00034975,             0.86793,               0.912,             0.93882,             0.76293,            0.020619,           0.0046389,          0.00010764,           0.0065845,           0.0065845,           0.0065845
                  71,            0.020325,            0.010035,          0.00032806,             0.86025,             0.91939,             0.93485,             0.76067,            0.021035,           0.0045609,          0.00012433,            0.006535,            0.006535,            0.006535
                  72,            0.020393,            0.010008,          0.00046623,             0.92179,             0.91262,             0.94281,             0.75718,             0.02141,           0.0045662,          0.00012366,           0.0064855,           0.0064855,           0.0064855
                  73,            0.020764,            0.010192,          0.00041687,             0.91529,             0.90384,             0.94634,             0.75977,            0.021269,           0.0044976,          8.0387e-05,            0.006436,            0.006436,            0.006436
                  74,            0.020321,            0.010192,          0.00037425,             0.92491,             0.90987,             0.94671,             0.75733,            0.020905,           0.0045207,          8.1469e-05,           0.0063865,           0.0063865,           0.0063865
                  75,            0.019979,            0.010005,           0.0003495,             0.91459,             0.91081,             0.94622,             0.75896,            0.020275,           0.0045577,          7.8418e-05,            0.006337,            0.006337,            0.006337
                  76,            0.020113,           0.0098818,          0.00029477,             0.92396,             0.90553,             0.94285,             0.76192,            0.020948,           0.0044889,          9.8594e-05,           0.0062875,           0.0062875,           0.0062875
                  77,            0.020063,            0.010059,          0.00035441,             0.92405,             0.92479,             0.94677,             0.76669,            0.020673,           0.0043478,          0.00012811,            0.006238,            0.006238,            0.006238
                  78,             0.02011,           0.0098795,          0.00026627,             0.92701,             0.90891,             0.94833,              0.7762,            0.020667,           0.0043396,          0.00010993,           0.0061885,           0.0061885,           0.0061885
                  79,            0.019813,            0.010054,          0.00031686,             0.92905,             0.90594,             0.94972,             0.77407,            0.020805,           0.0043459,          0.00013766,            0.006139,            0.006139,            0.006139
                  80,            0.019718,           0.0096884,          0.00038887,             0.93002,             0.91894,             0.94865,             0.76712,            0.020946,           0.0043668,           0.0001292,           0.0060895,           0.0060895,           0.0060895
                  81,            0.020047,           0.0099578,          0.00034445,             0.93099,              0.9279,             0.95735,             0.76633,            0.021036,           0.0043324,          9.1752e-05,             0.00604,             0.00604,             0.00604
                  82,            0.020091,           0.0099778,          0.00039807,             0.92908,             0.93255,             0.95344,             0.76084,             0.02071,           0.0043745,          0.00010253,           0.0059905,           0.0059905,           0.0059905
                  83,            0.019454,           0.0096899,          0.00036817,             0.93653,             0.93103,             0.95111,             0.75963,            0.020824,           0.0044274,          0.00010136,            0.005941,            0.005941,            0.005941
                  84,            0.019515,           0.0097549,          0.00025403,             0.91429,             0.91545,             0.94681,             0.75411,            0.020608,           0.0043781,          8.7811e-05,           0.0058915,           0.0058915,           0.0058915
                  85,             0.01945,           0.0096432,          0.00037972,             0.90626,             0.92301,             0.94646,             0.77267,            0.020407,           0.0043701,          0.00010897,            0.005842,            0.005842,            0.005842
                  86,              0.0199,           0.0096797,          0.00039823,             0.93572,             0.90741,             0.94856,             0.77778,            0.020507,           0.0043909,          0.00010984,           0.0057925,           0.0057925,           0.0057925
                  87,            0.019005,           0.0096208,          0.00025747,             0.90508,             0.92129,             0.95299,             0.78192,            0.020481,           0.0044488,          9.7482e-05,            0.005743,            0.005743,            0.005743
                  88,             0.01885,            0.009643,          0.00027255,             0.93052,             0.91754,             0.95598,             0.79136,            0.020439,           0.0043918,          8.0753e-05,           0.0056935,           0.0056935,           0.0056935
                  89,            0.018997,           0.0095129,           0.0002165,             0.91787,             0.92144,             0.95107,             0.79117,            0.020222,           0.0043975,          7.3605e-05,            0.005644,            0.005644,            0.005644
                  90,            0.018906,           0.0095674,          0.00031892,             0.92158,             0.92327,             0.95171,             0.78765,            0.020109,           0.0044227,          7.5866e-05,           0.0055945,           0.0055945,           0.0055945
                  91,            0.018945,           0.0094728,          0.00029576,             0.92668,             0.92822,             0.95284,             0.77376,             0.02028,           0.0044165,          7.5445e-05,            0.005545,            0.005545,            0.005545
                  92,             0.01888,           0.0093796,          0.00030875,             0.92447,             0.93085,             0.94934,             0.77583,            0.020363,           0.0045053,          9.9673e-05,           0.0054955,           0.0054955,           0.0054955
                  93,            0.018919,           0.0092896,          0.00030852,             0.92591,             0.92389,             0.94682,             0.77367,            0.020362,           0.0045369,          0.00012099,            0.005446,            0.005446,            0.005446
                  94,            0.018674,           0.0094267,          0.00033652,             0.92005,             0.93354,              0.9526,             0.78354,            0.020498,           0.0045201,          0.00010957,           0.0053965,           0.0053965,           0.0053965
                  95,            0.018584,           0.0093485,          0.00033116,             0.92637,             0.93069,             0.95111,             0.77757,            0.020633,           0.0044951,          0.00010813,            0.005347,            0.005347,            0.005347
                  96,            0.019035,           0.0094152,          0.00033004,             0.93549,              0.9259,             0.95413,             0.77715,             0.02047,           0.0044953,          0.00011316,           0.0052975,           0.0052975,           0.0052975
                  97,            0.018561,           0.0092707,          0.00020492,             0.91995,             0.92362,             0.95224,             0.77745,            0.020472,           0.0045128,          0.00012864,            0.005248,            0.005248,            0.005248
                  98,            0.018078,           0.0093698,          0.00026488,             0.91626,              0.9276,             0.94974,             0.78468,            0.020449,           0.0045195,          0.00011379,           0.0051985,           0.0051985,           0.0051985
                  99,             0.01844,           0.0090861,          0.00028482,             0.90471,             0.92917,             0.94632,             0.78395,            0.020421,           0.0045622,          0.00012417,            0.005149,            0.005149,            0.005149
                 100,            0.018522,           0.0089735,          0.00029098,             0.91252,             0.92723,             0.94724,             0.78462,             0.02021,           0.0045616,          0.00013156,           0.0050995,           0.0050995,           0.0050995
                 101,            0.018119,           0.0091264,          0.00031754,             0.92657,             0.92061,             0.94694,             0.77817,            0.020278,           0.0045615,          0.00012928,             0.00505,             0.00505,             0.00505
                 102,            0.018243,           0.0090997,          0.00036865,             0.92266,             0.92842,             0.94518,             0.77443,            0.020378,           0.0045405,          0.00013366,           0.0050005,           0.0050005,           0.0050005
                 103,             0.01813,           0.0090679,          0.00026649,             0.91401,             0.93502,             0.95007,             0.78606,            0.020337,            0.004509,          0.00013327,            0.004951,            0.004951,            0.004951
                 104,            0.017882,           0.0090201,          0.00032873,             0.91791,             0.93919,             0.94693,             0.78511,            0.020198,           0.0044747,          0.00014125,           0.0049015,           0.0049015,           0.0049015
                 105,            0.018141,           0.0088464,           0.0002001,             0.91644,             0.94111,              0.9468,              0.7841,            0.020085,           0.0044731,          0.00014956,            0.004852,            0.004852,            0.004852
                 106,            0.017646,             0.00885,          0.00032016,             0.90719,             0.92703,             0.94766,              0.7836,            0.020051,           0.0044642,          0.00015599,           0.0048025,           0.0048025,           0.0048025
                 107,            0.017722,           0.0090175,          0.00019053,             0.90649,             0.92191,              0.9484,             0.79145,            0.019982,            0.004462,          0.00015973,            0.004753,            0.004753,            0.004753
                 108,            0.017819,           0.0088387,          0.00032057,              0.9172,             0.93483,               0.951,             0.79618,            0.019993,           0.0044551,          0.00014669,           0.0047035,           0.0047035,           0.0047035
                 109,            0.017478,           0.0088436,          0.00025273,             0.91381,             0.93592,             0.94858,             0.79411,            0.019949,           0.0044849,          0.00014288,            0.004654,            0.004654,            0.004654
                 110,            0.017132,            0.008609,          0.00031128,             0.92969,             0.92481,             0.94732,             0.78899,            0.019992,           0.0044991,           0.0001349,           0.0046045,           0.0046045,           0.0046045
                 111,            0.018129,           0.0088852,          0.00025024,             0.92911,             0.92822,             0.94493,             0.78975,            0.019934,           0.0044877,          0.00013288,            0.004555,            0.004555,            0.004555
                 112,            0.017436,           0.0087371,          0.00021086,             0.92976,             0.93193,             0.94346,             0.78766,            0.019846,           0.0045017,          0.00013633,           0.0045055,           0.0045055,           0.0045055
                 113,            0.017191,           0.0087119,          0.00026107,             0.92669,             0.93247,             0.94384,             0.78698,            0.019968,            0.004486,          0.00012904,            0.004456,            0.004456,            0.004456
                 114,            0.017494,           0.0087312,          0.00021833,             0.92327,               0.925,             0.94584,             0.78811,            0.020017,           0.0044573,          0.00012616,           0.0044065,           0.0044065,           0.0044065
                 115,            0.017333,            0.008741,           0.0002056,             0.92264,             0.92589,             0.94586,             0.79141,            0.019997,           0.0044469,          0.00012826,            0.004357,            0.004357,            0.004357
                 116,            0.017298,           0.0086012,           0.0002529,             0.92579,             0.92129,             0.94862,             0.79293,            0.019951,           0.0044361,          0.00012576,           0.0043075,           0.0043075,           0.0043075
                 117,            0.017173,           0.0086132,          0.00021126,             0.92692,             0.92366,             0.94873,             0.79418,            0.019912,             0.00445,          0.00012496,            0.004258,            0.004258,            0.004258
                 118,            0.017104,           0.0085437,          0.00021822,             0.90831,             0.94307,             0.94915,             0.79195,            0.019876,           0.0044483,          0.00012548,           0.0042085,           0.0042085,           0.0042085
                 119,            0.017065,           0.0086015,          0.00025901,             0.93432,              0.9326,             0.95032,               0.797,            0.019814,           0.0044378,          0.00012677,            0.004159,            0.004159,            0.004159
                 120,            0.016885,           0.0086228,          0.00019902,             0.92319,             0.93824,             0.95203,             0.79688,            0.019779,           0.0044357,          0.00012576,           0.0041095,           0.0041095,           0.0041095
                 121,            0.016758,           0.0084415,          0.00020203,             0.91605,             0.94092,             0.95215,             0.79624,            0.019754,           0.0044069,          0.00013028,             0.00406,             0.00406,             0.00406
                 122,            0.016703,           0.0084808,          0.00028302,             0.91711,             0.93998,             0.95072,             0.79668,            0.019838,           0.0044106,          0.00013467,           0.0040105,           0.0040105,           0.0040105
                 123,            0.016558,           0.0084634,          0.00024105,             0.91705,             0.93733,              0.9473,             0.79394,            0.019863,           0.0044271,          0.00013567,            0.003961,            0.003961,            0.003961
                 124,            0.016421,           0.0083545,          0.00024122,             0.91906,             0.93746,             0.94864,             0.79406,            0.019849,           0.0044145,          0.00013332,           0.0039115,           0.0039115,           0.0039115
                 125,            0.016691,           0.0083866,          0.00020186,             0.91861,              0.9369,             0.95025,             0.79456,            0.019806,           0.0044069,          0.00013037,            0.003862,            0.003862,            0.003862
                 126,             0.01629,           0.0082635,          0.00021177,             0.91612,             0.93441,             0.95066,             0.79662,            0.019762,           0.0044078,          0.00012715,           0.0038125,           0.0038125,           0.0038125
                 127,            0.016168,           0.0081895,          0.00013847,             0.91715,             0.92977,             0.95052,             0.79834,            0.019743,           0.0044072,          0.00012602,            0.003763,            0.003763,            0.003763
                 128,            0.016452,           0.0081957,          0.00021628,             0.91787,              0.9322,             0.95038,             0.79966,            0.019744,           0.0043967,          0.00012284,           0.0037135,           0.0037135,           0.0037135
                 129,             0.01593,           0.0081451,          0.00017965,              0.9172,             0.93284,             0.95145,             0.80036,            0.019752,            0.004389,          0.00012388,            0.003664,            0.003664,            0.003664
                 130,            0.016088,             0.00808,          0.00023201,             0.91886,             0.93441,             0.95191,             0.79662,            0.019737,            0.004387,          0.00012212,           0.0036145,           0.0036145,           0.0036145
                 131,            0.016268,           0.0081892,          0.00022482,             0.92262,              0.9295,             0.95215,             0.79959,            0.019786,           0.0043838,            0.000124,            0.003565,            0.003565,            0.003565
                 132,            0.016035,           0.0081645,          0.00030936,             0.91891,             0.93482,             0.95297,             0.80065,            0.019811,           0.0043913,          0.00012308,           0.0035155,           0.0035155,           0.0035155
                 133,            0.016087,           0.0082003,          0.00016643,             0.92547,             0.92912,             0.95331,               0.799,            0.019838,           0.0043848,          0.00012371,            0.003466,            0.003466,            0.003466
                 134,            0.016078,            0.008128,          0.00015862,             0.92685,             0.92822,             0.95267,             0.79831,             0.01984,           0.0043812,          0.00012664,           0.0034165,           0.0034165,           0.0034165
                 135,            0.015788,           0.0079847,          0.00019976,             0.92566,             0.93007,             0.95218,               0.797,            0.019848,           0.0043918,          0.00012752,            0.003367,            0.003367,            0.003367
                 136,            0.015677,           0.0080511,          0.00016263,             0.92438,             0.93302,             0.95205,             0.79883,            0.019848,           0.0043944,          0.00012755,           0.0033175,           0.0033175,           0.0033175
                 137,            0.015773,           0.0080057,          0.00019807,             0.92421,             0.93502,               0.952,             0.79947,            0.019846,           0.0043987,          0.00012882,            0.003268,            0.003268,            0.003268
                 138,            0.015293,           0.0078806,          0.00016444,             0.92549,             0.93455,             0.95234,             0.80039,            0.019851,           0.0044047,          0.00012984,           0.0032185,           0.0032185,           0.0032185
                 139,            0.015575,           0.0078197,           0.0001672,             0.92576,              0.9354,              0.9517,             0.80131,            0.019874,           0.0044176,           0.0001337,            0.003169,            0.003169,            0.003169
                 140,            0.015478,           0.0079283,          0.00014536,             0.92846,             0.93317,             0.95155,             0.80228,            0.019902,           0.0044207,          0.00013476,           0.0031195,           0.0031195,           0.0031195
                 141,            0.015133,           0.0078854,          0.00011992,             0.93124,             0.93193,             0.95241,             0.80344,            0.019902,           0.0044252,          0.00013432,             0.00307,             0.00307,             0.00307
                 142,            0.015351,           0.0077439,          0.00017299,             0.92894,             0.93317,             0.95275,             0.80336,            0.019899,            0.004422,          0.00013235,           0.0030205,           0.0030205,           0.0030205
                 143,            0.015369,           0.0078172,           0.0001915,             0.92903,             0.93317,             0.95281,             0.80504,            0.019916,           0.0044241,          0.00013072,            0.002971,            0.002971,            0.002971
                 144,            0.015011,           0.0078083,          0.00020942,             0.93003,             0.93317,             0.95339,             0.80456,            0.019945,           0.0044279,            0.000132,           0.0029215,           0.0029215,           0.0029215
                 145,            0.014963,           0.0076959,          0.00018994,             0.93139,             0.92946,             0.95327,             0.80307,            0.019965,           0.0044339,          0.00013057,            0.002872,            0.002872,            0.002872
                 146,            0.014991,           0.0076898,          0.00014494,             0.93169,             0.92822,             0.95322,             0.80284,            0.019982,           0.0044391,          0.00012861,           0.0028225,           0.0028225,           0.0028225
                 147,            0.015066,           0.0077448,          0.00028431,             0.93326,              0.9277,             0.95355,             0.80402,            0.019981,           0.0044476,          0.00012518,            0.002773,            0.002773,            0.002773
                 148,            0.014688,           0.0076116,          0.00013432,             0.93344,             0.92536,             0.95329,             0.80359,            0.019982,           0.0044496,          0.00012816,           0.0027235,           0.0027235,           0.0027235
                 149,            0.014757,           0.0075755,          0.00015443,             0.93206,             0.92574,             0.95264,              0.8033,             0.01999,           0.0044522,          0.00013294,            0.002674,            0.002674,            0.002674
                 150,            0.014572,           0.0074839,          0.00014866,             0.93136,             0.92769,             0.95233,             0.80438,            0.020004,           0.0044556,           0.0001345,           0.0026245,           0.0026245,           0.0026245
                 151,            0.014561,           0.0075149,          0.00014796,             0.92986,             0.92779,             0.95224,             0.80322,            0.020016,           0.0044603,          0.00013616,            0.002575,            0.002575,            0.002575
                 152,             0.01472,           0.0074985,          0.00015636,             0.92923,             0.92973,             0.95294,             0.80247,            0.020031,           0.0044587,          0.00013653,           0.0025255,           0.0025255,           0.0025255
                 153,            0.014513,           0.0074612,          0.00015393,             0.92911,             0.93069,             0.95319,             0.80406,            0.020044,           0.0044574,          0.00013697,            0.002476,            0.002476,            0.002476
                 154,            0.014634,           0.0075212,          0.00019712,             0.92833,             0.93114,             0.95306,             0.80297,            0.020065,           0.0044627,          0.00013905,           0.0024265,           0.0024265,           0.0024265
                 155,            0.014469,           0.0074907,          0.00015709,             0.92624,             0.93131,               0.953,             0.80374,            0.020075,           0.0044635,          0.00013905,            0.002377,            0.002377,            0.002377
                 156,            0.014318,            0.007405,          0.00012617,             0.92611,             0.93266,              0.9527,             0.80341,            0.020091,           0.0044645,          0.00014083,           0.0023275,           0.0023275,           0.0023275
                 157,            0.014078,           0.0072637,          0.00015288,             0.92559,             0.93096,             0.95208,             0.80344,            0.020102,           0.0044656,          0.00014113,            0.002278,            0.002278,            0.002278
                 158,            0.014057,           0.0071759,          0.00010273,             0.92546,              0.9325,             0.95244,             0.80376,             0.02011,           0.0044617,          0.00013947,           0.0022285,           0.0022285,           0.0022285
                 159,            0.014201,           0.0071961,           0.0001284,             0.91805,             0.93854,             0.95326,             0.80479,            0.020115,           0.0044643,          0.00013693,            0.002179,            0.002179,            0.002179
                 160,            0.013921,            0.007215,           0.0001309,             0.91847,             0.93936,             0.95396,             0.80646,            0.020119,           0.0044686,          0.00013412,           0.0021295,           0.0021295,           0.0021295
                 161,            0.013943,           0.0070992,           0.0001309,             0.91791,             0.94017,             0.95409,             0.80551,            0.020115,           0.0044696,          0.00013342,             0.00208,             0.00208,             0.00208
                 162,            0.013853,           0.0072118,          0.00012646,              0.9169,             0.94066,             0.95426,             0.80428,             0.02011,            0.004469,          0.00013217,           0.0020305,           0.0020305,           0.0020305
                 163,            0.013966,           0.0069726,           0.0001171,              0.9176,             0.94118,             0.95426,             0.80372,            0.020113,           0.0044728,          0.00013199,            0.001981,            0.001981,            0.001981
                 164,            0.013568,           0.0070508,          0.00015739,             0.91613,             0.94305,             0.95523,              0.8047,            0.020118,           0.0044758,          0.00013111,           0.0019315,           0.0019315,           0.0019315
                 165,            0.013607,           0.0070587,          0.00017518,             0.91671,             0.94245,             0.95424,              0.8029,            0.020123,           0.0044785,          0.00013245,            0.001882,            0.001882,            0.001882
                 166,            0.013665,           0.0070775,          0.00011113,             0.91739,             0.94245,             0.95444,             0.80317,             0.02013,           0.0044832,          0.00013203,           0.0018325,           0.0018325,           0.0018325
                 167,            0.013706,           0.0070496,          0.00010735,             0.91585,             0.94307,             0.95463,             0.80212,            0.020132,           0.0044854,          0.00013182,            0.001783,            0.001783,            0.001783
                 168,            0.013396,           0.0070492,          8.7351e-05,             0.91656,             0.94183,             0.95492,             0.80372,            0.020133,           0.0044878,          0.00013192,           0.0017335,           0.0017335,           0.0017335
                 169,            0.013207,           0.0068183,           7.066e-05,             0.91563,             0.94235,             0.95496,             0.80373,            0.020137,           0.0044935,          0.00013284,            0.001684,            0.001684,            0.001684
                 170,            0.013262,           0.0070329,          0.00012074,             0.93055,             0.93063,             0.95529,             0.80436,            0.020135,           0.0044987,          0.00013288,           0.0016345,           0.0016345,           0.0016345
                 171,            0.013029,           0.0068371,          8.3392e-05,             0.93008,             0.93007,              0.9553,             0.80521,            0.020139,           0.0045009,          0.00013348,            0.001585,            0.001585,            0.001585
                 172,             0.01334,             0.00691,          0.00010729,             0.93178,             0.92911,             0.95502,             0.80434,            0.020141,           0.0045047,          0.00013394,           0.0015355,           0.0015355,           0.0015355
                 173,            0.013143,           0.0068545,          9.4075e-05,             0.93154,             0.93056,             0.95528,             0.80616,            0.020138,           0.0045102,          0.00013428,            0.001486,            0.001486,            0.001486
                 174,            0.012808,           0.0067366,          0.00010622,             0.93244,             0.92943,             0.95491,             0.80593,            0.020138,            0.004514,          0.00013329,           0.0014365,           0.0014365,           0.0014365
                 175,            0.012831,           0.0067328,          0.00012259,              0.9316,             0.93034,             0.95519,             0.80705,            0.020142,           0.0045154,          0.00013378,            0.001387,            0.001387,            0.001387
                 176,            0.012476,           0.0066759,          0.00011886,             0.93143,             0.93087,             0.95514,             0.80696,            0.020141,            0.004519,          0.00013354,           0.0013375,           0.0013375,           0.0013375
                 177,            0.012734,           0.0066029,          0.00010169,             0.92991,              0.9307,             0.95539,             0.80402,            0.020143,            0.004523,          0.00013351,            0.001288,            0.001288,            0.001288
                 178,            0.012589,           0.0066734,          9.4287e-05,              0.9298,              0.9311,             0.95542,             0.80429,            0.020143,           0.0045267,          0.00013322,           0.0012385,           0.0012385,           0.0012385
                 179,            0.012681,           0.0065822,          9.5956e-05,                0.93,             0.93007,             0.95508,             0.80423,            0.020142,           0.0045308,          0.00013282,            0.001189,            0.001189,            0.001189
                 180,            0.012428,           0.0066077,          7.5684e-05,             0.92999,             0.93007,             0.95542,             0.80453,            0.020144,           0.0045336,          0.00013308,           0.0011395,           0.0011395,           0.0011395
                 181,            0.012492,            0.006532,           7.528e-05,             0.93056,             0.92949,             0.95545,             0.80302,            0.020147,           0.0045375,           0.0001324,             0.00109,             0.00109,             0.00109
                 182,            0.012317,           0.0065234,          6.3188e-05,               0.928,             0.93254,             0.95571,             0.80475,            0.020151,           0.0045427,          0.00013234,           0.0010405,           0.0010405,           0.0010405
                 183,            0.012243,           0.0065412,          5.9848e-05,             0.92814,              0.9321,             0.95573,             0.80504,            0.020151,           0.0045461,          0.00013218,            0.000991,            0.000991,            0.000991
                 184,            0.012138,           0.0064839,          7.6341e-05,             0.93027,             0.93019,             0.95578,             0.80553,            0.020154,           0.0045511,          0.00013189,           0.0009415,           0.0009415,           0.0009415
                 185,            0.012056,           0.0063559,          8.8861e-05,             0.93019,             0.93101,             0.95578,              0.8053,            0.020158,           0.0045558,          0.00013155,            0.000892,            0.000892,            0.000892
                 186,            0.011983,           0.0063656,          8.2499e-05,             0.92875,             0.93131,             0.95584,             0.80543,            0.020157,           0.0045601,          0.00013147,           0.0008425,           0.0008425,           0.0008425
                 187,             0.01211,           0.0063933,          7.6061e-05,             0.93011,             0.93069,             0.95575,             0.80579,            0.020158,           0.0045635,          0.00013135,            0.000793,            0.000793,            0.000793
                 188,              0.0118,           0.0062385,          8.7605e-05,             0.92992,             0.93038,             0.95574,             0.80492,            0.020159,           0.0045688,          0.00013168,           0.0007435,           0.0007435,           0.0007435
                 189,            0.011876,           0.0063356,          0.00012292,             0.93011,             0.93007,             0.95604,             0.80531,            0.020156,           0.0045728,          0.00013169,            0.000694,            0.000694,            0.000694
                 190,            0.011692,            0.006243,          0.00011244,             0.92982,             0.93055,             0.95577,              0.8061,            0.020156,           0.0045777,          0.00013113,           0.0006445,           0.0006445,           0.0006445
                 191,            0.011744,           0.0063546,          6.7282e-05,             0.92994,              0.9303,             0.95571,              0.8062,             0.02016,           0.0045809,          0.00013107,            0.000595,            0.000595,            0.000595
                 192,            0.011508,            0.006212,          0.00010737,             0.93105,             0.93007,             0.95619,             0.80565,            0.020161,           0.0045833,          0.00013037,           0.0005455,           0.0005455,           0.0005455
                 193,            0.011476,           0.0062345,          9.0976e-05,             0.93155,             0.93007,             0.95576,             0.80498,            0.020163,           0.0045865,          0.00012976,            0.000496,            0.000496,            0.000496
                 194,            0.011485,           0.0061366,          5.6435e-05,             0.93165,             0.93007,             0.95588,             0.80364,            0.020166,           0.0045901,          0.00012898,           0.0004465,           0.0004465,           0.0004465
                 195,            0.011443,            0.006153,          5.2844e-05,             0.93156,             0.93007,             0.95615,             0.80438,            0.020166,           0.0045951,          0.00012827,            0.000397,            0.000397,            0.000397
                 196,            0.011344,           0.0061981,           8.459e-05,             0.93145,             0.93007,             0.95589,             0.80401,            0.020167,              0.0046,          0.00012777,           0.0003475,           0.0003475,           0.0003475
                 197,             0.01135,           0.0060778,          8.2664e-05,             0.92933,             0.93111,             0.95567,             0.80469,             0.02017,           0.0046048,          0.00012736,            0.000298,            0.000298,            0.000298
                 198,            0.011315,           0.0061561,          7.7757e-05,             0.92895,             0.93131,             0.95626,             0.80528,            0.020172,           0.0046113,          0.00012686,           0.0002485,           0.0002485,           0.0002485
                 199,            0.011325,           0.0059839,          0.00011811,             0.92881,             0.93131,             0.95581,             0.80513,            0.020173,            0.004616,          0.00012635,            0.000199,            0.000199,            0.000199
